<?xml version="1.0" encoding="UTF-8"?>
<metadata xml:lang="th"><Esri><CreaDate>20101222</CreaDate><CreaTime>15033400</CreaTime><ArcGISFormat>1.0</ArcGISFormat><ArcGISstyle>Item Description</ArcGISstyle><SyncOnce>TRUE</SyncOnce><DataProperties><lineage><Process ToolSource="C:\Program Files (x86)\ArcGIS\Desktop10.0\ArcToolbox\Toolboxes\3D Analyst Tools.tbx\RasterTin" Date="20101222" Time="150334">RasterTin C:\RTArcGIS\KANCHANABURI\Kanburi\dem C:\RTArcGIS\KANCHANABURI\Kanburi\Tin 168.476975250244 1500000 1</Process></lineage></DataProperties></Esri></metadata>
