<?xml version="1.0"?>
<!--<!DOCTYPE metadata SYSTEM "http://www.esri.com/metadata/esriprof80.dtd">-->
<metadata xml:lang="th"><Esri><CreaDate>20090706</CreaDate><CreaTime>09585400</CreaTime><SyncOnce>TRUE</SyncOnce><DataProperties><lineage><Process ToolSource="C:\Program Files\ArcGIS\ArcToolbox\Toolboxes\3D Analyst Tools.tbx\TopoToRaster" Date="20090701" Time="221404">TopoToRaster "C:\Supet_new\GIS_EXERCISE\LAB_KANCHANABURI\Kanburi\SPOT\SPOT.SHP ELEVATION PointElevation;C:\Supet_new\GIS_EXERCISE\LAB_KANCHANABURI\Kanburi\CONTOUR\CONTOUR.SHP ELEVATION Contour;C:\Supet_new\GIS_EXERCISE\LAB_KANCHANABURI\Kanburi\PROVINCE\PROVINCE.SHP # Boundary;C:\Supet_new\GIS_EXERCISE\LAB_KANCHANABURI\Kanburi\STREAM\STREAM.SHP # Stream" C:\Supet_new\GIS_EXERCISE\Output\DEM1 730.009 "412559.25 1517112.875 595061.5 1731160.5" 20 # # ENFORCE CONTOUR 40 # 1 0 # # # # # #</Process></lineage></DataProperties><MetaID>{1B5127F8-0317-457F-8F1F-8A25441EB37E}</MetaID></Esri><idinfo><citation><citeinfo><onlink Sync="TRUE">\\NUNTANA\C$\RTArcGIS\KANCHANABURI\Kanburi\dem1</onlink></citeinfo></citation></idinfo><distInfo><distributor><distorTran><onLineSrc><linkage Sync="TRUE">file://\\NUNTANA\C$\RTArcGIS\KANCHANABURI\Kanburi\dem1</linkage><protocol Sync="TRUE">Local Area Network</protocol></onLineSrc></distorTran></distributor></distInfo><dataqual><lineage><procstep><procdesc Sync="TRUE">Dataset copied.</procdesc><srcused Sync="TRUE">F:\Supet_new\GIS_EXERCISE\Output\dem1</srcused><procdate Sync="TRUE">20090706</procdate><proctime Sync="TRUE">09585400</proctime></procstep></lineage></dataqual></metadata>
