<?xml version="1.0"?>
<!--<!DOCTYPE metadata SYSTEM "http://www.esri.com/metadata/esriprof80.dtd">-->
<metadata xml:lang="th"><Esri><CreaDate>20120623</CreaDate><CreaTime>21060000</CreaTime><SyncOnce>TRUE</SyncOnce><DataProperties><lineage><Process ToolSource="C:\Program Files\ArcGIS\ArcToolbox\Toolboxes\Data Management Tools.tbx\DefineProjection" Date="20090706" Time="100218">DefineProjection C:\RTArcGIS\KANCHANABURI\Kanburi\STREAM\STREAM.SHP PROJCS['Indian_1975_UTM_Zone_47N',GEOGCS['GCS_Indian_1975',DATUM['D_Indian_1975',SPHEROID['Everest_Adjustment_1937',6377276.345,300.8017]],PRIMEM['Greenwich',0.0],UNIT['Degree',0.0174532925199433]],PROJECTION['Transverse_Mercator'],PARAMETER['False_Easting',500000.0],PARAMETER['False_Northing',0.0],PARAMETER['Central_Meridian',99.0],PARAMETER['Scale_Factor',0.9996],PARAMETER['Latitude_Of_Origin',0.0],UNIT['Meter',1.0]] C:\RTArcGIS\KANCHANABURI\Kanburi\STREAM\STREAM.SHP</Process></lineage><itemProps><itemLocation><linkage Sync="TRUE">file://\\NING-PC\C$\RTArcGIS\LAB15\Kanburi\STREAM</linkage><protocol Sync="TRUE">Local Area Network</protocol></itemLocation></itemProps><copyHistory><copy source="C:\RTArcGIS\LAB15\Kanburi\STREAM\STREAM" dest="\\NING-PC\C$\RTArcGIS\LAB15\Kanburi\STREAM" date="20120623" time="21060000"></copy></copyHistory></DataProperties><ArcGISFormat>1.0</ArcGISFormat></Esri></metadata>
